Curso,Codigo,Nota_Real,Nota_Simulada,Erro
Ciências Farmacêuticas (Preparatórios),0140-8031,152.5,170.5,18.0
Medicina Veterinária (Preparatórios),0140-8086,164.1,178.5,14.4
Ciências Agrárias,0140-9022,,189.0,
Guias de Natureza e Património,0140-L344,120.3,113.5,-6.8
Estudos Europeus,0150-9135,115.6,107.8,-7.8
História,0150-9181,146.4,148.5,2.1
Psicologia,0150-9219,153.9,157.0,3.1
Serviço Social,0150-9238,122.6,123.5,0.9
Sociologia,0150-9240,114.9,111.5,-3.4
Comunicação e Relações Públicas,0150-9652,119.4,118.0,-1.4
Educação Básica,0150-9853,147.9,145.8,-2.1
Estudos Portugueses e Ingleses,0150-L041,140.9,142.5,1.6
Ciclo Básico de Medicina,0160-8083,176.5,162.0,-14.5
Proteção Civil e Gestão de Riscos,0160-8524,128.2,125.0,-3.2
Ciênc de Engenharia-Eng Mecânica; Eng Eletrotécnica e de Computadores (Pre),0160-8571,125.3,122.0,-3.3
Biologia,0160-9011,114.5,114.0,-0.5
Informática,0160-9185,122.2,123.5,1.3
Economia,0170-9081,151.0,152.2,1.2
Gestão,0170-9147,111.2,96.5,-14.7
Turismo,0170-9254,111.3,108.5,-2.8
Património Cultural e Arqueologia,0201-8509,121.2,117.0,-4.2
"Línguas, Literaturas e Culturas",0201-9204,132.8,135.0,2.2
Psicologia,0201-9219,162.0,184.0,22.0
Artes Visuais,0201-9817,136.8,138.0,1.2
Ciências da Educação e da Formação,0201-9821,129.2,131.0,1.8
Línguas e Comunicação Intercultural,0201-L252,124.0,120.0,-4.0
Arquitetura Paisagista,0203-8258,145.5,148.0,2.5
Agronomia,0203-9003,122.3,118.5,-3.8
Biologia,0203-9011,133.7,132.0,-1.7
Biologia Marinha,0203-9013,135.2,133.5,-1.7
Bioquímica,0203-9015,125.7,126.5,0.8
Biotecnologia,0203-9016,124.4,124.5,0.1
Engenharia Informática,0203-9119,111.1,110.2,-0.9
Matemática Aplicada à Economia e à Gestão,0203-9210,115.8,115.8,0.0
Ciências Farmacêuticas,0203-9494,141.3,141.0,-0.3
Bioengenharia,0203-9540,120.7,120.5,-0.2
Gestão Marinha e Costeira,0203-L123,108.4,109.0,0.6
Economia,0204-9081,133.3,135.0,1.7
Gestão de Empresas,0204-9152,147.8,143.0,-4.8
Sociologia,0204-9240,132.3,130.2,-2.1
Ciências Biomédicas,0206-9351,142.1,139.5,-2.6
Administração Pública,0300-9002,151.0,155.5,4.5
Biologia,0300-9011,147.4,143.5,-3.9
Biologia e Geologia,0300-9012,141.8,145.0,3.2
Bioquímica,0300-9015,148.2,147.5,-0.7
Biotecnologia,0300-9016,161.4,158.0,-3.4
Ciências do Mar,0300-9041,129.5,130.5,1.0
Design,0300-9069,170.0,197.5,27.5
Economia,0300-9081,168.0,167.0,-1.0
Engenharia Civil,0300-9089,146.0,145.0,-1.0
Engenharia de Materiais,0300-9096,129.4,127.5,-1.9
Engenharia do Ambiente,0300-9099,119.6,117.5,-2.1
Engenharia e Gestão Industrial,0300-9104,167.2,164.5,-2.7
Engenharia Física,0300-9113,127.3,127.5,0.2
Engenharia Informática,0300-9119,175.0,174.0,-1.0
Engenharia Mecânica,0300-9123,159.5,157.0,-2.5
Engenharia Química,0300-9125,133.8,135.5,1.7
Física,0300-9141,130.3,128.5,-1.8
Geologia,0300-9146,125.6,123.5,-2.1
Gestão,0300-9147,175.0,179.0,4.0
Línguas e Estudos Editoriais,0300-9194,156.2,156.5,0.3
Línguas e Relações Empresariais,0300-9196,152.4,154.5,2.1
"Línguas, Literaturas e Culturas",0300-9204,143.8,143.0,-0.8
Matemática,0300-9209,145.8,144.5,-1.3
Psicologia,0300-9219,168.5,189.0,20.5
Química,0300-9223,143.2,143.0,-0.2
Tradução,0300-9252,144.8,144.5,-0.3
Ciências Biomédicas,0300-9351,174.3,169.5,-4.8
Engenharia Biomédica,0300-9455,166.0,164.5,-1.5
Medicina,0300-9813,182.0,200.0,18.0
Educação Básica,0300-9853,149.3,148.8,-0.5
Gestão e Planeamento em Turismo,0300-L187,143.4,144.0,0.6
Engenharia de Automação Industrial,0300-L202,113.3,109.5,-3.8
Engenharia Eletrotécnica e de Computadores,0300-L209,134.4,134.0,-0.4
Engenharia de Computadores e Informática,0300-L217,145.5,146.0,0.5
Engenharia Aeroespacial,0300-L221,183.8,200.0,16.2
Engenharia Computacional,0300-L223,127.8,126.0,-1.8
Multimédia e Tecnologias da Comunicação,0300-L254,149.8,150.5,0.7
"Meteorologia, Oceanografia e Clima",0300-L298,116.0,115.0,-1.0
Optometria e Ciências da Visão,0400-8184,108.0,108.5,0.5
Bioquímica,0400-9015,128.8,127.5,-1.3
Biotecnologia,0400-9016,112.9,111.0,-1.9
Ciência Política e Relações Internacionais,0400-9020,163.5,174.5,11.0
Ciências da Comunicação,0400-9023,144.4,140.8,-3.6
Ciências da Cultura,0400-9025,115.9,111.0,-4.9
Cinema,0400-9048,145.4,145.0,-0.4
Design de Moda,0400-9071,155.0,186.5,31.5
Design Industrial,0400-9074,137.6,138.2,0.6
Design Multimédia,0400-9075,143.9,146.5,2.6
Economia,0400-9081,128.5,128.2,-0.3
Engenharia Civil,0400-9089,123.2,123.0,-0.2
Engenharia e Gestão Industrial,0400-9104,118.8,113.5,-5.3
Engenharia Eletromecânica,0400-9105,130.7,131.0,0.3
Engenharia Eletrotécnica e de Computadores,0400-9112,141.6,141.5,-0.1
Engenharia Informática,0400-9119,119.5,121.5,2.0
Filosofia,0400-9139,136.7,137.0,0.3
Gestão,0400-9147,152.2,150.0,-2.2
Marketing,0400-9205,136.2,138.5,2.3
Psicologia,0400-9219,163.0,183.0,20.0
Química Industrial,0400-9225,112.9,108.0,-4.9
Sociologia,0400-9240,138.0,136.5,-1.5
Arquitetura,0400-9257,160.4,160.5,0.1
Ciências Biomédicas,0400-9351,140.8,142.0,1.2
Ciências Farmacêuticas,0400-9494,148.7,149.0,0.3
Ciências do Desporto,0400-9707,137.2,137.0,-0.2
Engenharia Aeronáutica,0400-9740,145.8,145.0,-0.8
Medicina,0400-9813,177.0,164.5,-12.5
Matemática e Aplicações,0400-9835,118.4,117.5,-0.9
Estudos Portugueses e Espanhóis,0400-9918,118.0,119.5,1.5
Física e Aplicações,0400-L205,,100.8,
Inteligência Artificial e Ciência de Dados,0400-L227,125.3,123.5,-1.8
Tecnologia e Produto de Moda Sustentável,0400-L258,120.0,118.5,-1.5
Engenharia Mecânica Computacional,0400-L295,165.8,164.5,-1.3
"Informática Web, Móvel e na Nuvem",0400-L303,122.8,121.5,-1.3
Computação Criativa e Realidade Virtual,0400-L331,126.8,124.0,-2.8
Química Medicinal,0501-8408,120.5,119.0,-1.5
Biologia,0501-9011,138.5,139.5,1.0
Bioquímica,0501-9015,139.5,139.5,0.0
Engenharia Civil,0501-9089,131.5,133.0,1.5
Engenharia do Ambiente,0501-9099,126.8,127.5,0.7
Engenharia e Gestão Industrial,0501-9104,156.8,153.5,-3.3
Engenharia Física,0501-9113,132.8,129.5,-3.3
Engenharia Informática,0501-9119,153.0,153.5,0.5
Engenharia Mecânica,0501-9123,140.8,139.0,-1.8
Engenharia Química,0501-9125,122.5,122.5,0.0
Física,0501-9141,139.5,138.0,-1.5
Geologia,0501-9146,111.5,106.5,-5.0
Matemática,0501-9209,147.0,145.5,-1.5
Química,0501-9223,124.0,124.5,0.5
Arquitetura,0501-9257,162.3,169.5,7.2
Antropologia,0501-9448,120.0,119.5,-0.5
Engenharia Biomédica,0501-9455,164.3,161.5,-2.8
Design e Multimédia,0501-9891,154.5,151.5,-3.0
Engenharia e Ciência de Dados,0501-L192,146.0,148.5,2.5
Engenharia Eletrotécnica e de Computadores,0501-L209,111.0,106.5,-4.5
Gestão de Cidades Sustentáveis e Inteligentes,0501-L285,113.0,112.5,-0.5
Administração Público-Privada,0502-8067,166.5,188.0,21.5
Direito,0502-9078,170.5,183.8,13.3
Economia,0503-9081,159.0,159.0,0.0
Gestão,0503-9147,170.0,177.5,7.5
Relações Internacionais,0503-9229,175.0,188.5,13.5
Sociologia,0503-9240,144.0,142.2,-1.8
Ciências Farmacêuticas,0504-9494,148.8,140.5,-8.3
Ciências Bioanalíticas,0504-9819,132.4,133.0,0.6
Farmácia Biomédica,0504-9832,140.0,140.0,0.0
Português,0505-8393,141.0,143.0,2.0
Arqueologia,0505-9006,137.5,138.5,1.0
Estudos Artísticos,0505-9132,150.5,151.5,1.0
Estudos Clássicos,0505-9133,128.0,128.5,0.5
Estudos Europeus,0505-9135,156.0,162.5,6.5
Filosofia,0505-9139,145.0,146.0,1.0
Geografia,0505-9143,134.5,133.0,-1.5
História,0505-9181,161.0,179.0,18.0
História da Arte,0505-9182,151.5,157.0,5.5
Ciência da Informação,0505-9694,136.4,136.5,0.1
Jornalismo e Comunicação,0505-9773,163.0,170.5,7.5
Línguas Modernas,0505-9779,158.0,163.5,5.5
"Turismo, Território e Patrimónios",0505-L109,137.5,135.0,-2.5
Medicina Dentária,0506-9548,178.3,167.5,-10.8
Medicina,0506-9813,180.2,166.0,-14.2
Ciências da Educação,0507-9026,148.0,151.5,3.5
Psicologia,0507-9219,173.6,200.0,26.4
Serviço Social,0507-9238,155.5,154.5,-1.0
Ciências do Desporto,0508-9707,137.9,137.5,-0.4
Biologia Marinha,0520-9013,120.8,119.0,-1.8
Biologia Humana,0602-8262,123.5,122.5,-1.0
Agronomia,0602-9003,101.0,102.0,1.0
Biologia,0602-9011,122.5,121.5,-1.0
Biologia e Geologia,0602-9012,118.9,113.5,-5.4
Bioquímica,0602-9015,101.0,103.5,2.5
Biotecnologia,0602-9016,115.0,111.0,-4.0
Engenharia Informática,0602-9119,137.1,139.0,1.9
Geografia,0602-9143,131.9,131.2,-0.7
Matemática,0602-9209,113.5,107.5,-6.0
Matemática Aplicada à Economia e à Gestão,0602-9210,123.4,122.5,-0.9
Engenharia Mecatrónica,0602-9751,126.3,127.0,0.7
Enologia,0602-9752,116.9,114.0,-2.9
Física e Química,0602-9760,,101.2,
Ciência e Tecnologia Animal,0602-9818,121.5,121.0,-0.5
Medicina Veterinária,0602-9847,164.4,164.0,-0.4
Engenharia de Energias Renováveis,0602-9910,128.3,130.2,1.9
Ecologia e Ambiente,0602-L090,,133.0,
Inteligência Artificial e Ciência de Dados,0602-L227,115.0,112.8,-2.2
Design,0603-9069,155.9,153.5,-2.4
Teatro,0603-9243,138.3,139.0,0.7
Arquitetura,0603-9257,158.3,162.8,4.5
Artes Plásticas e Multimédia,0603-9347,146.5,148.0,1.5
História e Arqueologia,0604-8251,140.5,141.0,0.5
Ciências da Educação,0604-9026,132.1,129.8,-2.3
Economia,0604-9081,134.5,134.5,0.0
Gestão,0604-9147,151.6,151.0,-0.6
Psicologia,0604-9219,163.1,186.0,22.9
Relações Internacionais,0604-9229,152.8,154.0,1.2
Sociologia,0604-9240,134.6,132.0,-2.6
Turismo,0604-9254,126.4,125.0,-1.4
Património Cultural,0604-9787,122.6,121.0,-1.6
Educação Básica,0604-9853,140.4,139.2,-1.2
Línguas e Literaturas,0604-L047,135.7,135.5,-0.2
Estudos de Filosofia e de Cultura Contemporânea,0604-L173,120.3,117.5,-2.8
Ciências Farmacêuticas,0605-9494,153.8,161.0,7.2
Ciências do Desporto,0605-9707,134.3,130.0,-4.3
Reabilitação Psicomotora,0605-9841,124.5,122.0,-2.5
Ciências Biomédicas e da Saúde,0605-L256,133.5,129.0,-4.5
Ciências da Nutrição,0901-9554,153.3,146.5,-6.8
Medicina,0901-9813,179.3,165.0,-14.3
Sociologia (regime pós-laboral),0902-8109,132.0,132.0,0.0
Arqueologia,0902-9006,137.5,138.0,0.5
Ciência Política e Relações Internacionais,0902-9020,177.0,196.2,19.2
Ciências da Comunicação,0902-9023,176.5,194.5,18.0
Ciências da Linguagem,0902-9040,149.0,150.0,1.0
Ciências Musicais,0902-9046,131.0,129.5,-1.5
Filosofia,0902-9139,159.5,153.5,-6.0
Geografia e Planeamento Regional,0902-9145,134.5,132.5,-2.0
História,0902-9181,164.5,181.5,17.0
História da Arte,0902-9182,148.0,149.5,1.5
"Línguas, Literaturas e Culturas",0902-9204,159.5,95.0,-64.5
Sociologia,0902-9240,147.5,146.5,-1.0
Tradução,0902-9252,156.0,95.0,-61.0
Antropologia,0902-9448,135.0,95.0,-40.0
Estudos Portugueses,0902-9917,130.0,130.0,0.0
Conservação - Restauro,0903-8036,160.8,192.0,31.2
Bioquímica,0903-9015,159.8,154.0,-5.8
Engenharia Civil,0903-9089,140.0,135.0,-5.0
Engenharia de Materiais,0903-9096,138.8,138.0,-0.8
Engenharia do Ambiente,0903-9099,113.4,108.5,-4.9
Engenharia e Gestão Industrial,0903-9104,162.8,160.0,-2.8
Engenharia Física,0903-9113,170.0,164.5,-5.5
Engenharia Geológica,0903-9116,124.4,124.0,-0.4
Engenharia Informática,0903-9119,164.8,162.5,-2.3
Engenharia Mecânica,0903-9123,168.0,169.0,1.0
Engenharia Química e Biológica,0903-9126,138.8,136.5,-2.3
Matemática,0903-9209,159.5,154.5,-5.0
Química Aplicada,0903-9224,143.4,138.0,-5.4
Biologia Celular e Molecular,0903-9348,169.2,159.0,-10.2
Engenharia Biomédica,0903-9455,170.4,165.5,-4.9
Matemática Aplicada à Gestão do Risco,0903-L167,175.2,197.0,21.8
Engenharia Eletrotécnica e de Computadores,0903-L209,127.8,127.0,-0.8
Engenharia de Micro e Nanotecnologias,0903-L231,109.8,103.0,-6.8
Tecnologia Agro-Industrial,0903-L286,129.5,129.5,0.0
Economia,0904-9081,180.0,200.0,20.0
Gestão,0904-9147,183.0,200.0,17.0
Sistemas e Tecnologias de Informação,0906-8259,168.8,167.0,-1.8
Gestão de Informação,0906-9155,173.6,171.0,-2.6
Ciência de Dados,0906-L188,177.8,200.0,22.2
Direito,0911-9078,174.8,192.8,18.0
Geografia e Planeamento,1000-8183,139.8,141.0,1.2
Optometria e Ciências da Visão,1000-8184,126.4,127.5,1.1
Direito (regime pós-laboral),1000-8358,175.2,200.0,24.8
Educação (regime pós-laboral),1000-8427,138.8,139.0,0.2
Design de Produto,1000-8494,159.3,162.5,3.2
Administração Pública,1000-9002,160.4,183.0,22.6
Arqueologia,1000-9006,145.0,146.0,1.0
Biologia e Geologia,1000-9012,129.2,131.5,2.3
Bioquímica,1000-9015,160.0,156.5,-3.5
Ciência Política,1000-9019,163.0,183.5,20.5
Ciências da Comunicação,1000-9023,168.8,178.5,9.7
Contabilidade,1000-9056,167.6,193.0,25.4
Direito,1000-9078,177.6,193.5,15.9
Economia,1000-9081,172.2,183.0,10.8
Engenharia Civil,1000-9089,151.6,153.0,1.4
Engenharia de Materiais,1000-9096,142.2,141.0,-1.2
Engenharia de Telecomunicações e Informática,1000-9098,123.0,122.0,-1.0
Engenharia e Gestão Industrial,1000-9104,175.6,175.0,-0.6
Engenharia Física,1000-9113,157.2,150.5,-6.7
Engenharia Informática,1000-9119,170.6,183.0,12.4
Engenharia Mecânica,1000-9123,169.6,174.5,4.9
Engenharia Química e Biológica,1000-9126,148.0,144.5,-3.5
Engenharia Têxtil,1000-9127,123.8,119.0,-4.8
Estudos Culturais,1000-9134,143.8,140.0,-3.8
Filosofia,1000-9139,148.2,149.5,1.3
Física,1000-9141,111.2,106.0,-5.2
Geologia,1000-9146,115.2,110.5,-4.7
Gestão,1000-9147,176.8,197.0,20.2
História,1000-9181,162.2,180.5,18.3
Línguas Aplicadas,1000-9192,165.8,156.0,-9.8
Línguas e Literaturas Europeias,1000-9195,161.0,181.5,20.5
Marketing,1000-9205,173.0,194.0,21.0
Matemática,1000-9209,167.6,170.5,2.9
Psicologia,1000-9219,167.0,192.5,25.5
Química,1000-9223,133.0,132.5,-0.5
Relações Internacionais,1000-9229,168.0,186.0,18.0
Sociologia,1000-9240,147.8,147.5,-0.3
Teatro,1000-9243,146.0,146.5,0.5
Arquitetura,1000-9257,179.0,200.0,21.0
Educação,1000-9353,149.2,152.0,2.8
Ciências do Ambiente,1000-9379,129.8,128.5,-1.3
Estatística Aplicada,1000-9381,122.0,120.0,-2.0
Ciências da Computação,1000-9397,147.0,144.0,-3.0
Engenharia Biomédica,1000-9455,171.8,166.5,-5.3
Design e Marketing de Moda,1000-9499,174.4,200.0,25.6
Biologia Aplicada,1000-9688,149.6,145.5,-4.1
Negócios Internacionais,1000-9785,164.8,163.5,-1.3
Medicina,1000-9813,183.8,169.0,-14.8
Artes Visuais,1000-9817,169.0,194.0,25.0
Educação Básica,1000-9853,155.8,162.8,7.0
Estudos Portugueses,1000-9917,138.0,139.0,1.0
Criminologia e Justiça Criminal,1000-L078,172.4,190.0,17.6
Proteção Civil e Gestão do Território,1000-L112,128.2,129.0,0.8
Estudos Orientais: Estudos Chineses e Japoneses,1000-L147,145.2,140.0,-5.2
Ciência de Dados,1000-L188,150.4,145.5,-4.9
Engenharia e Gestão de Sistemas de Informação,1000-L215,146.2,143.5,-2.7
Engenharia Eletrónica Industrial e Computadores,1000-L218,121.6,95.0,-26.6
Engenharia Aeroespacial,1000-L221,191.4,200.0,8.6
Engenharia de Polímeros,1000-L229,133.0,131.0,-2.0
Ciências da Nutrição,1101-9554,148.0,141.0,-7.0
Arquitetura,1102-9257,186.0,197.0,11.0
Arquitetura Paisagista,1103-8258,154.5,178.0,23.5
Biologia,1103-9011,150.5,138.0,-12.5
Bioquímica,1103-9015,163.0,153.5,-9.5
Engenharia Agronómica,1103-9086,116.5,116.0,-0.5
Engenharia Física,1103-9113,145.8,143.0,-2.8
Física,1103-9141,125.0,114.5,-10.5
Geologia,1103-9146,131.5,129.5,-2.0
Matemática,1103-9209,166.5,166.0,-0.5
Química,1103-9223,127.3,126.5,-0.8
Matemática Aplicada,1103-9385,162.5,170.2,7.7
Bioinformática,1103-9687,165.0,164.5,-0.5
Ciência de Computadores,1103-9696,163.5,163.0,-0.5
Ciências e Tecnologia do Ambiente,1103-9709,139.5,139.5,0.0
Engenharia Geoespacial,1103-L096,113.3,113.2,-0.1
Inteligência Artificial e Ciência de Dados,1103-L227,187.5,200.0,12.5
Economia,1104-9081,178.3,200.0,21.7
Gestão,1104-9147,183.5,200.0,16.5
Engenharia Civil,1105-9089,143.8,142.5,-1.3
Engenharia de Materiais,1105-9096,150.5,150.5,0.0
Engenharia do Ambiente,1105-9099,135.5,131.5,-4.0
Engenharia e Gestão Industrial,1105-9104,186.3,200.0,13.7
Engenharia Mecânica,1105-9123,178.8,183.0,4.2
Engenharia Química,1105-9125,164.0,158.5,-5.5
Bioengenharia,1105-9540,181.8,200.0,18.2
Engenharia Eletrotécnica e de Computadores,1105-L209,151.3,147.0,-4.3
Engenharia Aeroespacial,1105-L221,194.5,200.0,5.5
Engenharia Informática e Computação,1105-L224,170.8,162.0,-8.8
Engenharia de Minas e Geo-Ambiente,1105-L236,126.5,127.0,0.5
Ciências Farmacêuticas,1106-9494,153.5,146.5,-7.0
Arqueologia,1107-9006,150.6,154.8,4.2
Ciências da Comunicação,1107-9023,173.0,200.0,27.0
Ciências da Linguagem,1107-9040,146.6,95.0,-51.6
Filosofia,1107-9139,150.8,152.2,1.4
Geografia,1107-9143,147.6,162.0,14.4
História,1107-9181,166.8,188.8,22.0
História da Arte,1107-9182,155.4,160.5,5.1
Línguas Aplicadas,1107-9192,174.4,95.0,-79.4
Línguas e Relações Internacionais,1107-9197,181.4,95.0,-86.4
"Línguas, Literaturas e Culturas",1107-9204,172.4,95.0,-77.4
Sociologia,1107-9240,158.6,95.0,-63.6
Ciência da Informação,1107-9694,144.0,142.8,-1.2
Literatura e Estudos Interartes,1107-L251,155.0,95.0,-60.0
Medicina,1108-9813,184.8,170.0,-14.8
Saúde Digital e Inovação Biomédica,1108-L307,179.0,200.0,21.0
Ciências da Educação,1109-9026,160.0,179.0,19.0
Psicologia,1109-9219,169.5,194.5,25.0
Ciências do Meio Aquático,1110-9708,148.0,144.0,-4.0
Medicina,1110-9813,185.5,172.0,-13.5
Medicina Veterinária,1110-9847,170.8,186.0,15.2
Ciências do Desporto,1111-9707,151.0,147.2,-3.8
Medicina Dentária,1113-9548,174.8,191.0,16.2
Criminologia,1114-9066,174.4,192.2,17.8
Direito,1114-9078,182.2,199.0,16.8
Engenharia Agronómica,1201-9086,129.7,131.0,1.3
Engenharia Zootécnica,1201-9129,135.1,135.0,-0.1
Enologia,1201-9752,118.4,116.0,-2.4
Medicina Veterinária,1201-9847,167.1,155.0,-12.1
Engenharia e Biotecnologia Florestal,1201-L237,145.1,146.0,0.9
Animação Sociocultural,1202-9005,96.0,99.5,3.5
Ciências da Comunicação,1202-9023,149.8,95.0,-54.8
Economia,1202-9081,139.9,95.0,-44.9
Gestão,1202-9147,161.7,161.0,-0.7
Línguas e Relações Empresariais,1202-9196,146.8,95.0,-51.8
"Línguas, Literaturas e Culturas",1202-9204,144.3,95.0,-49.3
Psicologia,1202-9219,164.2,95.0,-69.2
Serviço Social,1202-9238,143.4,142.5,-0.9
Turismo,1202-9254,130.6,125.5,-5.1
Teatro e Artes Performativas,1202-9803,121.4,120.0,-1.4
Educação Básica,1202-9853,143.5,142.2,-1.3
Cultura e Transformação Digital,1202-L312,125.8,95.0,-30.8
Comunicação e Multimédia,1203-9052,134.4,131.5,-2.9
Engenharia Civil,1203-9089,111.9,110.0,-1.9
Engenharia e Gestão Industrial,1203-9104,132.2,131.5,-0.7
Engenharia Física,1203-9113,156.3,156.0,-0.3
Engenharia Informática,1203-9119,128.3,127.8,-0.5
Engenharia Mecânica,1203-9123,131.4,132.5,1.1
Engenharia Biomédica,1203-9455,133.5,132.5,-1.0
Matemática Aplicada e Ciência de Dados,1203-L193,117.0,116.8,-0.2
Engenharia Eletrotécnica e de Computadores,1203-L209,127.7,128.2,0.5
Design Sustentável,1203-L253,128.0,126.5,-1.5
Cidades Sustentáveis e Inteligentes,1203-L345,113.5,107.5,-6.0
Biologia,1204-9011,132.0,129.0,-3.0
Biologia e Geologia,1204-9012,120.8,118.5,-2.3
Bioquímica,1204-9015,132.7,134.0,1.3
Ciências Biomédicas,1204-9351,148.0,150.0,2.0
Ciências do Ambiente,1204-9379,114.5,111.0,-3.5
Bioengenharia,1204-9540,129.7,127.5,-2.2
Ciências da Nutrição,1204-9554,130.5,126.0,-4.5
Ciências do Desporto,1204-9707,141.6,140.5,-1.1
Genética e Biotecnologia,1204-9761,130.6,127.5,-3.1
Design,1306-9069,140.3,142.0,1.7
Línguas e Relações Empresariais,1306-9196,142.9,142.5,-0.4
Psicologia,1306-9219,155.7,174.0,18.3
"Comunicação, Cultura e Organizações",1306-9720,135.4,133.0,-2.4
Artes Visuais,1306-9817,131.9,134.0,2.1
Estudos de Cultura,1306-L150,112.7,98.0,-14.7
Bioquímica,1307-9015,117.3,120.0,2.7
Engenharia Civil,1307-9089,120.8,117.0,-3.8
Engenharia Eletrónica e Telecomunicações,1307-9107,147.2,147.5,0.3
Engenharia Informática,1307-9119,124.2,124.8,0.6
Matemática,1307-9209,159.4,159.5,0.1
Engenharia de Computadores,1307-L208,,101.5,
Ciências da Educação,1308-9026,137.6,138.5,0.9
Economia,1308-9081,104.9,105.0,0.1
Gestão,1308-9147,147.0,145.2,-1.8
Educação Física e Desporto,1308-9736,144.5,146.0,1.5
Educação Básica,1308-9853,138.2,133.5,-4.7
Ciclo Básico de Medicina,1309-8083,177.3,166.5,-10.8
Biologia,1309-9011,115.2,112.0,-3.2
Enfermagem,1320-9500,145.5,144.0,-1.5
Direção e Gestão Hoteleira,1321-9076,132.3,129.0,-3.3
Design,1501-9069,177.0,198.5,21.5
Design de Moda,1501-9071,171.5,174.0,2.5
Arquitetura,1501-9257,171.5,200.0,28.5
Desenho,1502-8399,160.3,148.0,-12.3
Design de Comunicação,1502-9070,159.3,147.5,-11.8
Design de Equipamento,1502-9072,165.5,192.0,26.5
Escultura,1502-9754,146.8,146.5,-0.3
Pintura,1502-9790,160.0,148.5,-11.5
Arte Multimédia,1502-9904,147.3,132.5,-14.8
Ciências da Arte e do Património,1502-L010,146.5,146.5,0.0
Biologia,1503-9011,157.5,155.5,-2.0
Bioquímica,1503-9015,154.5,146.0,-8.5
Engenharia Física,1503-9113,156.5,154.5,-2.0
Engenharia Informática,1503-9119,159.3,156.0,-3.3
Física,1503-9141,150.5,139.5,-11.0
Geologia,1503-9146,129.5,132.0,2.5
Matemática,1503-9209,151.0,147.8,-3.2
"Meteorologia, Oceanografia e Geofísica",1503-9212,115.0,115.5,0.5
Química,1503-9223,147.0,146.5,-0.5
Química Tecnológica,1503-9226,117.8,114.5,-3.3
Estatística Aplicada,1503-9381,147.0,146.5,-0.5
Matemática Aplicada,1503-9385,162.0,159.0,-3.0
Tecnologias de Informação,1503-L079,147.0,147.5,0.5
Engenharia Geoespacial,1503-L096,122.8,121.0,-1.8
Engenharia Biomédica e Biofísica,1503-L204,159.0,154.0,-5.0
Engenharia da Energia e Ambiente,1503-L214,123.8,124.0,0.2
Direito (regime pós-laboral),1504-8358,153.8,150.8,-3.0
Direito,1504-9078,159.5,152.5,-7.0
Ciências Farmacêuticas,1505-9494,148.3,135.0,-13.3
"Estudos Artísticos, variante de Artes do Espetáculo",1506-8104,151.0,146.5,-4.5
Artes e Humanidades,1506-8413,136.0,135.0,-1.0
Estudos Gerais,1506-8458,152.5,158.0,5.5
Arqueologia,1506-9006,140.0,141.0,1.0
Ciências da Linguagem,1506-9040,135.0,135.5,0.5
Estudos Africanos,1506-9131,124.5,124.5,0.0
Estudos Clássicos,1506-9133,122.5,122.5,0.0
Estudos Europeus,1506-9135,154.0,157.0,3.0
Filosofia,1506-9139,151.0,151.5,0.5
História,1506-9181,158.5,176.5,18.0
História da Arte,1506-9182,146.5,148.0,1.5
"Línguas, Literaturas e Culturas",1506-9204,127.0,119.0,-8.0
Tradução,1506-9252,140.0,138.5,-1.5
Estudos Asiáticos,1506-9914,146.0,143.0,-3.0
Estudos Portugueses,1506-9917,131.5,130.5,-1.0
Estudos Comparatistas,1506-L097,111.0,110.0,-1.0
Estudos de Cultura e Comunicação Intercultural,1506-L288,150.5,153.5,3.0
Ciências da Nutrição,1507-9554,155.5,145.5,-10.0
Medicina,1507-9813,177.7,163.5,-14.2
Medicina Dentária,1508-9548,178.0,166.0,-12.0
Higiene Oral,1508-9556,146.8,147.0,0.2
Prótese Dentária,1508-9791,143.5,144.5,1.0
Medicina Veterinária,1509-9847,163.0,155.5,-7.5
Dança,1510-9068,128.5,130.0,1.5
Gestão do Desporto,1510-9162,160.5,159.5,-1.0
Ciências do Desporto,1510-9707,134.5,132.0,-2.5
Reabilitação Psicomotora,1510-9841,133.5,133.0,-0.5
Psicologia,1511-9219,165.0,189.0,24.0
Educação e Formação,1513-L040,142.0,143.2,1.2
Planeamento e Gestão do Território,1514-8411,132.5,131.5,-1.0
Geografia,1514-9143,129.0,122.2,-6.8
Arquitetura Paisagista,1515-8258,154.5,155.5,1.0
Engenharia Florestal e dos Recursos Naturais,1515-8377,123.3,119.0,-4.3
Biologia,1515-9011,142.8,134.5,-8.3
Engenharia Agronómica,1515-9086,108.5,105.5,-3.0
Engenharia Alimentar,1515-9087,110.0,107.5,-2.5
Engenharia do Ambiente,1515-9099,115.3,115.5,0.2
Engenharia Zootécnica,1515-9129,123.8,120.5,-3.3
Serviço Social (regime pós-laboral),1516-8014,136.0,135.5,-0.5
Administração Pública (regime pós-laboral),1516-8102,135.5,135.5,0.0
Sociologia (regime pós-laboral),1516-8109,130.5,130.0,-0.5
Gestão de Recursos Humanos (regime pós-laboral),1516-8111,143.5,143.0,-0.5
Administração Pública e Políticas do Território (regime pós-laboral),1516-8363,128.5,128.0,-0.5
Relações Internacionais (regime pós-laboral),1516-8364,155.0,162.0,7.0
Administração Pública,1516-9002,150.0,151.0,1.0
Ciência Política,1516-9019,162.0,182.5,20.5
Ciências da Comunicação,1516-9023,163.5,153.5,-10.0
Gestão de Recursos Humanos,1516-9157,156.0,151.0,-5.0
Relações Internacionais,1516-9229,168.0,179.0,11.0
Serviço Social,1516-9238,145.0,143.0,-2.0
Sociologia,1516-9240,144.0,143.5,-0.5
Antropologia,1516-9448,131.0,131.0,0.0
Economia,1517-9081,168.0,175.5,7.5
Gestão,1517-9147,173.0,200.0,27.0
Matemática Aplicada à Economia e à Gestão,1517-9210,189.0,200.0,11.0
Gestão (ensino em Inglês),1517-A001,173.5,171.5,-2.0
Economia (ensino em Inglês),1517-A006,171.0,169.5,-1.5
Finanças (ensino em inglês),1517-A013,166.0,166.5,0.5
Engenharia Civil,1518-9089,139.5,136.5,-3.0
Engenharia de Materiais,1518-9096,153.5,153.0,-0.5
Engenharia do Ambiente,1518-9099,142.3,138.5,-3.8
Engenharia Informática e de Computadores,1518-9121,180.0,172.0,-8.0
Engenharia Mecânica,1518-9123,179.3,200.0,20.7
Engenharia Química,1518-9125,156.5,150.5,-6.0
Arquitetura,1518-9257,156.8,156.8,0.0
Matemática Aplicada e Computação,1518-9345,179.0,166.0,-13.0
Engenharia Biomédica,1518-9455,176.5,179.0,2.5
Engenharia Biológica,1518-9474,166.8,158.0,-8.8
Engenharia Naval e Oceânica,1518-L162,172.3,193.0,20.7
Engenharia Eletrotécnica e de Computadores,1518-L209,140.0,138.5,-1.5
Engenharia Aeroespacial,1518-L221,187.3,200.0,12.7
Engenharia Física Tecnológica,1518-L233,182.8,200.0,17.2
Engenharia de Minas e Recursos Energéticos,1518-L239,130.3,125.0,-5.3
Engenharia de Telecomunicações e Informática,1519-9098,124.3,121.0,-3.3
Engenharia e Gestão Industrial,1519-9104,169.8,159.5,-10.3
Engenharia Informática e de Computadores,1519-9121,174.5,175.5,1.0
Engenharia Eletrónica,1519-9912,120.0,112.0,-8.0
Marketing (regime pós-laboral),3011-8005,139.4,138.0,-1.4
Contabilidade,3011-9056,144.3,142.5,-1.8
Finanças,3011-9140,163.6,192.0,28.4
Marketing,3011-9205,158.8,166.0,7.2
Contabilidade (regime pós-laboral),3011-9869,128.1,129.0,0.9
Finanças (regime pós-laboral),3011-9888,126.6,128.5,1.9
Gestão da Qualidade,3012-8405,135.3,133.0,-2.3
Secretariado e Comunicação Empresarial,3012-9235,138.1,136.5,-1.6
Gestão Comercial,3012-L021,147.7,149.0,1.3
Gestão Pública,3012-L140,142.6,144.5,1.9
Eletrónica e Mecânica Industrial,3012-L194,135.9,134.0,-1.9
Engenharia Informática Aplicada,3012-L346,139.2,136.5,-2.7
Enfermagem,3013-9500,146.6,147.0,0.4
Fisioterapia,3013-9504,162.4,158.5,-3.9
Terapia da Fala,3013-9890,143.0,140.0,-3.0
Imagem Médica e Radioterapia,3013-L066,146.2,145.0,-1.2
Design de Produto e Tecnologia,3014-L138,150.1,149.5,-0.6
Automação e Sistemas de Produção,3014-L299,132.7,126.5,-6.2
Agronomia,3021-9003,140.4,139.5,-0.9
Engenharia do Ambiente,3021-9099,,99.3,
Ciência e Tecnologia dos Alimentos,3021-9350,,102.0,
Audiovisual e Multimédia,3022-9010,122.6,122.5,-0.1
Serviço Social,3022-9238,118.0,109.0,-9.0
Desporto,3022-9563,129.5,128.2,-1.3
Educação Básica,3022-9853,128.6,127.2,-1.4
Engenharia Informática,3023-9119,125.7,126.5,0.8
Gestão de Empresas,3023-9152,127.0,123.0,-4.0
Solicitadoria,3023-9242,138.2,138.0,-0.2
Turismo,3023-9254,113.0,110.0,-3.0
Gestão de Empresas (regime pós-laboral),3023-9994,95.0,96.2,1.2
Solicitadoria (regime pós-laboral),3031-8015,143.5,145.0,1.5
Contabilidade,3031-9056,147.5,146.5,-1.0
Finanças,3031-9140,149.3,149.5,0.2
Gestão de Empresas,3031-9152,165.6,187.5,21.9
Solicitadoria,3031-9242,158.2,165.0,6.8
Fiscalidade,3031-9759,140.3,140.0,-0.3
Contabilidade (regime pós-laboral),3031-9869,132.8,133.0,0.2
Fiscalidade (regime pós-laboral),3031-9990,128.6,127.5,-1.1
Gestão de Empresas (regime pós-laboral),3031-9994,150.4,151.0,0.6
Gestão Pública,3031-L140,141.2,139.8,-1.4
Engenharia em Desenvolvimento de Jogos Digitais,3032-8311,131.3,129.0,-2.3
Engenharia de Sistemas Informáticos,3032-8409,155.3,155.0,-0.3
Engenharia de Sistemas Informáticos (regime pós-laboral),3032-8417,135.6,136.8,1.2
Engenharia e Gestão Industrial,3032-9104,135.5,95.0,-40.5
Engenharia Eletrotécnica e de Computadores,3032-9112,121.4,116.8,-4.6
Engenharia Informática Médica,3032-L181,130.7,132.0,1.3
Design Industrial,3033-9074,154.0,177.0,23.0
Design Gráfico,3033-9470,164.4,190.0,25.6
Design Gráfico (regime pós-laboral),3033-9873,146.3,146.5,0.2
Design Audiovisual,3033-L260,156.6,187.5,30.9
Gestão de Atividades Turísticas,3034-8156,133.4,133.5,0.1
Gestão de Atividades Turísticas (regime pós-laboral),3034-8341,110.0,110.0,0.0
Gestão Hoteleira,3034-9173,141.4,142.2,0.8
Desporto,3036-9563,163.0,200.0,37.0
Enfermagem Veterinária,3041-9085,115.0,113.0,-2.0
Engenharia Agronómica,3041-9086,,96.0,
Engenharia Alimentar,3041-9087,,97.0,
Engenharia do Ambiente,3041-9099,,99.0,
Engenharia Zootécnica,3041-9129,,98.5,
Enologia,3041-9752,,101.0,
Biologia e Biotecnologia,3041-L029,112.3,109.5,-2.8
Línguas Estrangeiras: Inglês e Espanhol,3042-8323,128.8,128.0,-0.8
Línguas para Relações Internacionais,3042-8374,130.0,130.5,0.5
Educação Ambiental,3042-9082,113.6,106.0,-7.6
Educação Social,3042-9084,95.0,97.0,2.0
Desporto,3042-9563,116.5,116.5,0.0
Educação Básica,3042-9853,113.1,110.2,-2.9
Arte e Design,3042-9898,135.6,139.0,3.4
Animação e Produção Artística,3042-9933,120.4,123.0,2.6
Relações Lusófonas e Língua Portuguesa,3042-L088,123.5,121.0,-2.5
Música em Contextos Comunitários,3042-L175,,100.5,
Contabilidade,3043-9056,102.0,95.0,-7.0
Engenharia Civil,3043-9089,144.9,146.0,1.1
Engenharia e Gestão Industrial,3043-9104,,99.0,
Engenharia Eletrotécnica e de Computadores,3043-9112,122.2,119.5,-2.7
Engenharia Informática,3043-9119,118.4,119.8,1.4
Engenharia Mecânica,3043-9123,,98.0,
Engenharia Química,3043-9125,,95.5,
Gestão,3043-9147,132.1,130.5,-1.6
Informática de Gestão,3043-9186,,128.0,
Engenharia de Energias Renováveis,3043-9910,,97.0,
"Gestão de Negócios Internacionais (Curso Europeu, ensino em Inglês)",3043-A004,121.4,123.0,1.6
Tecnologia Biomédica,3043-L069,126.9,127.5,0.6
Design de Jogos Digitais,3045-8309,115.0,102.5,-12.5
Gestão e Administração Pública,3045-9165,100.0,99.5,-0.5
Informática e Comunicações,3045-9188,,95.2,
Marketing,3045-9205,134.8,132.5,-2.3
Multimédia,3045-9213,116.9,107.0,-9.9
Solicitadoria,3045-9242,138.3,139.0,0.7
Turismo,3045-9254,110.0,106.5,-3.5
Direção e Gestão Hoteleira,3046-9076,121.8,118.0,-3.8
Engenharia de Proteção Civil,3051-8397,,97.5,
Agronomia,3051-9003,122.4,122.5,0.1
Enfermagem Veterinária,3051-9085,126.0,126.0,0.0
Biotecnologia Alimentar,3051-L093,125.8,129.0,3.2
Serviço Social,3052-9238,124.4,123.2,-1.2
Secretariado,3052-9485,120.4,117.5,-2.9
Desporto e Atividade Física,3052-9850,126.2,126.0,-0.2
Educação Básica,3052-9853,131.0,131.8,0.8
Engenharia das Energias Renováveis,3053-8463,,95.0,
Engenharia Civil,3053-9089,,96.0,
Engenharia e Gestão Industrial,3053-9104,,96.0,
Engenharia Eletrotécnica e das Telecomunicações,3053-9111,,95.0,
Engenharia Informática,3053-9119,120.9,119.0,-1.9
Informática e Multimédia,3053-L275,126.7,122.5,-4.2
Administração Pública,3054-9002,95.0,98.5,3.5
Gestão,3054-9147,102.0,104.5,2.5
Solicitadoria,3054-9242,136.9,137.0,0.1
Turismo,3054-9254,124.4,124.0,-0.4
Gestão Comercial,3054-L021,111.0,107.2,-3.8
Design de Interiores e Equipamento,3055-9725,155.8,186.5,30.7
Design de Moda e Têxtil,3055-9726,157.2,185.5,28.3
Design de Comunicação e Audiovisual,3055-L158,138.4,135.0,-3.4
Agronomia,3061-9003,118.2,117.5,-0.7
Biotecnologia,3061-9016,131.5,131.5,0.0
Enfermagem Veterinária,3061-9085,156.1,152.5,-3.6
Zootecnia,3061-L003,114.9,109.0,-5.9
Ciências Florestais e Recursos Naturais,3061-L009,105.0,107.0,2.0
Tecnologia Alimentar,3061-L015,114.0,104.0,-10.0
Tecnologia e Gestão Ambiental,3061-L024,112.3,113.0,0.7
Turismo em Espaços Rurais e Naturais,3061-L178,108.4,95.5,-12.9
Animação Socioeducativa (regime pós-laboral),3062-8093,109.6,109.5,-0.1
Turismo (regime pós-laboral),3062-8114,115.8,113.0,-2.8
Comunicação Organizacional (regime pós-laboral),3062-8342,134.8,135.5,0.7
Comunicação Social,3062-9054,153.8,159.0,5.2
Turismo,3062-9254,139.0,138.5,-0.5
Gerontologia Social,3062-9668,126.9,130.5,3.6
Animação Socioeducativa,3062-9675,132.8,134.5,1.7
Comunicação Organizacional,3062-9717,148.0,148.0,0.0
Desporto e Lazer,3062-9731,133.2,133.0,-0.2
Língua Gestual Portuguesa,3062-9774,120.1,122.5,2.4
Educação Básica,3062-9853,152.4,156.0,3.6
Comunicação e Design Multimédia,3062-9894,150.4,146.5,-3.9
Arte e Design,3062-9898,164.2,171.5,7.3
Gastronomia,3062-L095,139.0,139.5,0.5
Finanças e Contabilidade,3063-8029,145.7,145.2,-0.5
Secretariado de Direção e Administração,3063-8519,140.0,141.5,1.5
Contabilidade e Auditoria,3063-9061,137.8,138.5,0.7
Gestão de Empresas,3063-9152,156.5,177.0,20.5
Informática de Gestão,3063-9186,132.3,130.5,-1.8
Contabilidade e Gestão Pública,3063-9722,138.8,137.0,-1.8
Solicitadoria e Administração,3063-9801,147.4,149.2,1.8
Marketing e Negócios Internacionais,3063-L023,149.9,153.5,3.6
Comércio e Relações Económicas Internacionais,3063-L056,146.5,148.0,1.5
Ciência de Dados para a Gestão,3063-L310,136.2,135.0,-1.2
Engenharia Civil,3064-9089,113.4,108.5,-4.9
Engenharia e Gestão Industrial,3064-9104,134.0,133.0,-1.0
Engenharia Eletromecânica,3064-9105,141.6,140.5,-1.1
Engenharia Informática,3064-9119,143.0,145.0,2.0
Engenharia Mecânica,3064-9123,123.6,125.0,1.4
Engenharia Biomédica,3064-9455,135.9,135.0,-0.9
Bioengenharia,3064-9540,119.2,122.0,2.8
Engenharia Informática (Curso Europeu),3064-9770,139.2,139.5,0.3
Engenharia Informática (regime pós-laboral),3064-9885,130.2,130.5,0.3
Gestão Sustentável das Cidades,3064-L155,115.5,110.5,-5.0
Engenharia Eletrotécnica e de Computadores,3064-L209,125.2,121.5,-3.7
Informática Industrial,3064-L226,121.0,116.5,-4.5
Contabilidade e Administração,3065-9058,132.1,130.0,-2.1
Engenharia Informática,3065-9119,111.9,113.0,1.1
Gestão,3065-9147,148.7,152.0,3.3
Marketing,3065-9205,142.7,145.5,2.8
Gestão do Território,3065-9895,110.7,110.2,-0.5
Gestão e Biociências,3065-L305,120.1,120.0,-0.1
Imagem Animada,3081-8337,137.5,139.0,1.5
Ciências da Comunicação,3081-9023,146.8,144.5,-2.3
Design de Comunicação,3081-9070,139.5,136.5,-3.0
Educação Social,3081-9084,129.5,128.5,-1.0
Desporto,3081-9563,137.7,139.0,1.3
Educação Básica,3081-9853,141.2,142.8,1.6
Gestão,3082-9147,144.5,144.0,-0.5
Gestão (regime noturno),3082-9148,128.0,131.0,3.0
Gestão Hoteleira,3082-9173,131.3,133.0,1.7
Marketing,3082-9205,150.0,174.8,24.8
Turismo,3082-9254,119.4,115.0,-4.4
Engenharia Civil,3083-9089,139.8,133.5,-6.3
Engenharia Mecânica,3083-9123,136.8,137.5,0.7
Engenharia Eletrotécnica e de Computadores,3083-L209,128.4,127.5,-0.9
Engenharia de Sistemas e Tecnologias Informáticas,3083-L269,128.6,124.2,-4.4
Gestão,3087-9147,138.1,139.5,1.4
Gestão (regime noturno),3087-9148,120.3,120.5,0.2
Turismo,3087-9254,102.0,105.0,3.0
Comunicação Multimédia,3091-8339,110.3,115.0,4.7
Animação Sociocultural,3091-9005,111.0,111.5,0.5
Educação Social Gerontológica,3091-9473,,106.5,
Desporto,3091-9563,129.5,125.5,-4.0
Comunicação e Relações Públicas,3091-9652,109.7,107.0,-2.7
Educação Básica,3091-9853,126.7,123.8,-2.9
"Desporto, Condição Física e Saúde",3091-L034,126.2,124.0,-2.2
Contabilidade,3092-9056,120.1,121.0,0.9
Engenharia Civil,3092-9089,,95.0,
Engenharia Informática,3092-9119,120.3,120.8,0.5
Engenharia Topográfica,3092-9128,,97.5,
Gestão,3092-9147,122.7,120.5,-2.2
Gestão de Recursos Humanos,3092-9157,99.0,102.0,3.0
Marketing,3092-9205,135.2,135.0,-0.2
Energia e Ambiente,3092-9855,,134.0,
Mecânica e Informática Industrial,3092-L196,116.7,116.5,-0.2
Ciência de Dados e Inteligência Artificial,3092-L283,120.4,116.8,-3.6
Design de Equipamento e Ambientes,3092-L335,117.9,116.0,-1.9
Gestão Hoteleira,3095-9173,120.5,120.2,-0.3
Turismo e Lazer,3095-9255,121.7,120.0,-1.7
Restauração e Catering,3095-9484,119.8,119.5,-0.3
Gestão do Turismo e da Hospitalidade,3095-L061,123.4,122.5,-0.9
Serviço Social (regime pós-laboral),3101-8014,117.2,117.0,-0.2
Educação Social,3101-9084,128.2,127.5,-0.7
Serviço Social,3101-9238,132.7,128.0,-4.7
Tradução e Interpretação: Português/Chinês - Chinês/Português,3101-9492,134.7,133.0,-1.7
Relações Humanas e Comunicação Organizacional,3101-9797,135.6,135.8,0.2
Desporto e Bem-Estar,3101-9851,131.3,129.0,-2.3
Educação Básica,3101-9853,138.4,138.2,-0.2
Comunicação e Media,3101-L099,143.9,143.5,-0.4
Relações Humanas e Comunicação Organizacional (regime pós-laboral),3101-L306,119.4,118.5,-0.9
Solicitadoria (regime pós-laboral),3102-8015,107.0,108.5,1.5
Administração Pública,3102-9002,139.0,139.0,0.0
Engenharia Civil,3102-9089,135.4,136.0,0.6
Engenharia e Gestão Industrial,3102-9104,144.2,145.0,0.8
Engenharia Eletrotécnica e de Computadores,3102-9112,127.2,124.8,-2.4
Engenharia Informática,3102-9119,137.7,139.0,1.3
Engenharia Mecânica,3102-9123,122.7,122.0,-0.7
Gestão,3102-9147,140.5,142.0,1.5
Marketing,3102-9205,139.6,138.0,-1.6
Solicitadoria,3102-9242,144.1,145.8,1.7
Contabilidade e Finanças,3102-9627,135.0,135.0,0.0
Engenharia da Energia e do Ambiente,3102-9648,124.5,124.5,0.0
Biomecânica,3102-9690,120.4,121.5,1.1
Engenharia Automóvel,3102-9741,126.4,129.0,2.6
Engenharia Informática (regime pós-laboral),3102-9885,119.6,117.0,-2.6
Engenharia Mecânica (regime pós-laboral),3102-9886,,112.0,
Gestão (regime pós-laboral),3102-9991,127.9,128.0,0.1
Jogos Digitais e Multimédia (ensino em inglês),3102-A014,133.1,130.5,-2.6
Engenharia Eletrotécnica e de Computadores (regime noturno),3102-L266,159.1,161.5,2.4
Design Gráfico e Multimédia (regime pós-laboral),3103-8126,140.0,141.0,1.0
Design de Produto - Cerâmica e Vidro,3103-8525,149.2,154.5,5.3
Artes Plásticas,3103-9007,165.6,197.5,31.9
Design Industrial,3103-9074,152.2,170.0,17.8
Teatro,3103-9243,148.1,150.5,2.4
Som e Imagem,3103-9457,145.5,148.5,3.0
Design Gráfico e Multimédia,3103-9729,161.8,185.0,23.2
Programação e Produção Cultural,3103-L127,135.2,137.5,2.3
Design de Espaços,3103-L257,151.0,161.0,10.0
Gestão de Eventos,3105-8514,114.5,112.5,-2.0
Biologia Marinha,3105-9013,128.0,122.0,-6.0
Biotecnologia,3105-9016,123.3,123.5,0.2
Engenharia Alimentar,3105-9087,,103.0,
Gestão Turística e Hoteleira,3105-9178,119.0,119.5,0.5
Marketing Turístico,3105-9207,115.5,114.5,-1.0
Turismo,3105-9254,110.4,96.5,-13.9
Animação Turística,3105-9848,115.4,120.0,4.6
Gestão da Restauração e Catering,3105-L131,107.6,95.0,-12.6
Artes Visuais e Tecnologias,3112-8307,151.0,152.5,1.5
Animação Sociocultural,3112-9005,139.0,140.0,1.0
Educação Básica,3112-9853,149.3,154.8,5.5
Educação Básica (regime pós-laboral),3112-9876,140.3,141.0,0.7
Mediação Artística e Cultural,3112-L134,127.5,127.5,0.0
Relações Públicas e Comunicação Empresarial (regime pós-laboral),3113-8438,148.5,148.2,-0.3
Publicidade e Marketing (regime pós-laboral),3113-8439,154.5,154.5,0.0
Audiovisual e Multimédia,3113-9010,154.0,158.0,4.0
Jornalismo,3113-9191,159.0,169.0,10.0
Publicidade e Marketing,3113-9222,163.5,170.2,6.7
Relações Públicas e Comunicação Empresarial,3113-9231,155.0,151.5,-3.5
Solicitadoria (regime pós-laboral),3117-8015,142.9,143.0,0.1
Contabilidade e Administração,3117-9058,153.7,166.0,12.3
Gestão,3117-9147,164.0,157.0,-7.0
Solicitadoria,3117-9242,154.2,156.0,1.8
Finanças Empresariais,3117-9476,159.6,158.0,-1.6
Contabilidade e Administração (regime pós-laboral),3117-9870,140.7,144.5,3.8
Finanças Empresariais (regime pós-laboral),3117-9889,147.7,145.0,-2.7
Gestão (regime pós-laboral),3117-9991,151.1,146.5,-4.6
Comércio e Negócios Internacionais (regime pós-laboral),3117-L035,140.0,134.8,-5.2
Engenharia Civil,3118-9089,123.7,123.0,-0.7
Engenharia Eletrónica e Telecomunicações e de Computadores,3118-9108,117.2,115.2,-2.0
Engenharia Eletrotécnica,3118-9109,108.0,104.0,-4.0
Engenharia Informática e de Computadores,3118-9121,139.0,140.0,1.0
Engenharia Mecânica,3118-9123,133.8,134.0,0.2
Engenharia Química e Biológica,3118-9126,122.2,120.0,-2.2
Engenharia Biomédica,3118-9455,150.5,150.0,-0.5
Engenharia Informática e Multimédia,3118-L052,131.5,132.0,0.5
Tecnologias e Gestão Municipal,3118-L085,126.2,123.5,-2.7
Matemática Aplicada à Tecnologia e à Empresa,3118-L117,142.8,137.0,-5.8
"Engenharia Informática, Redes e Telecomunicações",3118-L119,134.4,132.0,-2.4
Engenharia Física Aplicada,3118-L213,118.5,112.5,-6.0
Serviço Social (regime pós-laboral),3121-8014,120.3,121.0,0.7
Educação Social,3121-9084,121.0,116.5,-4.5
Serviço Social,3121-9238,114.9,117.0,2.1
Turismo,3121-9254,106.0,110.5,4.5
Jornalismo e Comunicação,3121-9773,127.4,128.0,0.6
Educação Básica,3121-9853,125.3,123.5,-1.8
Design de Comunicação,3124-9070,119.0,106.5,-12.5
Engenharia Civil,3124-9089,,200.0,
Engenharia Informática,3124-9119,138.3,135.5,-2.8
Gestão,3124-9147,113.9,109.0,-4.9
Administração de Publicidade e Marketing,3124-9670,116.2,109.0,-7.2
Gestão (regime pós-laboral),3124-9991,,107.5,
Design de Animação,3124-L308,147.2,147.8,0.6
Engenharia de Produção de Biocombustíveis,3124-L309,,100.5,
Agronomia,3125-9003,114.9,114.0,-0.9
Enfermagem Veterinária,3125-9085,102.0,100.0,-2.0
Equinicultura,3125-9130,124.5,121.5,-3.0
Línguas e Culturas Estrangeiras,3131-8002,161.7,181.5,19.8
Artes Visuais e Tecnologias Artísticas,3131-8264,167.4,191.5,24.1
Educação Social,3131-9084,155.9,173.5,17.6
Desporto,3131-9563,153.7,154.0,0.3
Tradução e Interpretação em Língua Gestual Portuguesa,3131-9807,141.6,141.5,-0.1
Educação Básica,3131-9853,156.0,153.2,-2.8
Educação Musical,3131-9878,125.0,124.5,-0.5
Educação Social (regime pós-laboral),3131-9879,140.3,142.0,1.7
Gestão do Património Cultural,3131-L246,138.3,138.8,0.5
Tecnologias para a Educação STEAM,3131-L272,119.1,119.0,-0.1
Marketing (regime pós-laboral),3134-8005,152.4,154.5,2.1
Assessoria e Tradução,3134-9009,156.6,154.0,-2.6
Ciências e Tecnologias da Documentação e Informação,3134-9043,144.1,144.0,-0.1
Comunicação Empresarial,3134-9053,164.3,163.5,-0.8
Contabilidade e Administração,3134-9058,152.1,148.0,-4.1
Marketing,3134-9205,164.4,177.5,13.1
Recursos Humanos,3134-9227,160.7,178.0,17.3
Comércio Internacional,3134-9716,164.2,157.5,-6.7
Assessoria e Tradução (regime pós-laboral),3134-9829,147.4,148.0,0.6
Comércio Internacional (regime pós-laboral),3134-9866,145.6,145.8,0.2
Comunicação Empresarial (regime pós-laboral),3134-9867,148.7,148.0,-0.7
Contabilidade e Administração (regime pós-laboral),3134-9870,130.8,129.0,-1.8
Criatividade e Inovação Empresarial,3134-L070,159.3,161.0,1.7
Engenharia de Sistemas,3135-8316,147.9,146.5,-1.4
Engenharia Civil,3135-9089,142.3,142.5,0.2
Engenharia de Telecomunicações e Informática,3135-9098,145.4,141.0,-4.4
Engenharia e Gestão Industrial,3135-9104,180.7,174.5,-6.2
Engenharia Eletrotécnica - Sistemas Elétricos de Energia,3135-9110,139.2,136.5,-2.7
Engenharia Eletrotécnica e de Computadores,3135-9112,144.3,146.0,1.7
Engenharia Geotécnica e Geoambiente,3135-9117,117.5,113.0,-4.5
Engenharia Informática,3135-9119,169.0,174.0,5.0
Engenharia Mecânica,3135-9123,166.4,166.0,-0.4
Engenharia Química,3135-9125,134.6,127.0,-7.6
Engenharia Biomédica,3135-9455,171.4,163.5,-7.9
Engenharia Mecânica Automóvel,3135-9936,151.2,145.5,-5.7
Biorrecursos,3135-L089,149.5,148.0,-1.5
Solicitadoria (regime pós-laboral),3138-8015,149.3,150.0,0.7
Ciências Empresariais (regime pós-laboral),3138-8097,147.4,148.5,1.1
Sistemas de Informação para Gestão,3138-8288,124.9,125.5,0.6
Segurança Informática em Redes de Computadores,3138-8398,135.4,130.2,-5.2
Ciências Empresariais,3138-9045,165.2,187.8,22.6
Engenharia Informática,3138-9119,157.1,154.5,-2.6
Solicitadoria,3138-9242,166.1,180.5,14.4
Gestão Industrial e Logística,3138-L030,157.7,179.0,21.3
Segurança do Trabalho e Ambiente,3138-L091,129.7,129.8,0.1
Gestão das Atividades Turísticas (regime pós-laboral),3139-8442,119.4,119.5,0.1
Gestão e Administração Hoteleira,3139-9164,151.7,148.0,-3.7
Gestão das Atividades Turísticas,3139-9921,145.7,143.5,-2.2
Gestão da Restauração e Catering,3139-L131,138.1,137.5,-0.6
Agronomia (regime pós-laboral),3141-8419,142.5,140.5,-2.0
Agronomia,3141-9003,121.4,120.5,-0.9
Zootecnia,3141-L003,108.0,106.0,-2.0
Qualidade Alimentar e Nutrição Humana,3141-L080,96.0,99.0,3.0
Biologia e Biotecnologia Alimentar,3141-L259,105.0,106.5,1.5
Educação Social,3142-9084,131.2,128.0,-3.2
Educação Básica,3142-9853,135.0,135.2,0.2
Educação Ambiental e Turismo de Natureza,3142-L130,111.8,115.0,3.2
Produção Multimédia em Educação,3142-L179,119.4,121.5,2.1
Gestão de Empresas,3143-9152,133.9,133.5,-0.4
Gestão de Marketing,3143-9156,132.6,130.5,-2.1
Informática,3143-9185,119.0,119.5,0.5
Contabilidade e Fiscalidade,3143-9498,107.0,103.0,-4.0
Negócios Internacionais,3143-9785,119.9,118.2,-1.7
Gestão de Empresas (regime pós-laboral),3143-9994,105.0,107.5,2.5
Desporto de Natureza e Turismo Ativo,3145-9730,110.6,104.0,-6.6
Gestão das Organizações Desportivas,3145-9763,133.2,130.0,-3.2
Treino Desportivo,3145-9808,113.4,112.2,-1.2
Atividade Física e Estilos de Vida Saudáveis,3145-L008,114.6,112.2,-2.4
"Desporto, Condição Física e Saúde",3145-L034,118.2,120.0,1.8
Animação Sociocultural,3151-9005,131.4,131.5,0.1
Comunicação Social,3151-9054,140.0,95.0,-45.0
Desporto,3151-9563,138.4,138.5,0.1
Tradução e Interpretação de Língua Gestual Portuguesa,3151-9633,127.6,127.0,-0.6
Educação Básica,3151-9853,137.8,137.5,-0.3
Tecnologias de Energia,3152-8515,127.3,127.0,-0.3
"Engenharia de Automação, Controlo e Instrumentação",3152-9092,126.9,123.5,-3.4
Engenharia Eletrotécnica e de Computadores,3152-9112,,123.0,
Engenharia Informática,3152-9119,143.3,141.5,-1.8
Engenharia Mecânica,3152-9123,124.4,126.5,2.1
Tecnologia e Gestão Industrial (regime noturno),3152-9862,118.9,119.0,0.1
Tecnologia Biomédica,3152-L069,131.5,131.0,-0.5
Tecnologias do Ambiente e do Mar,3152-L124,119.1,120.0,0.9
Gestão de Recursos Humanos (regime pós-laboral),3153-8111,129.3,130.5,1.2
Gestão de Recursos Humanos,3153-9157,143.3,143.0,-0.3
Marketing,3153-9205,147.2,147.0,-0.2
Contabilidade e Finanças,3153-9627,141.5,139.0,-2.5
Contabilidade e Finanças (regime noturno),3153-9628,132.1,131.0,-1.1
Gestão da Distribuição e da Logística,3153-9629,136.4,135.0,-1.4
Gestão de Sistemas de Informação,3153-9630,138.5,136.8,-1.7
Gestão da Distribuição e da Logística (regime pós-laboral),3153-9993,121.0,122.0,1.0
Biotecnologia,3154-9016,132.2,131.0,-1.2
Engenharia Civil,3154-9089,,117.0,
Engenharia Civil (regime noturno),3154-9090,,102.0,
Bioinformática,3154-9687,112.9,111.5,-1.4
Tecnologias do Petróleo,3154-L100,113.9,108.5,-5.4
Enfermagem,3155-9500,143.0,139.0,-4.0
Fisioterapia,3155-9504,156.6,150.0,-6.6
Terapia da Fala,3155-9890,136.4,137.0,0.6
Agronomia,3161-9003,125.0,123.5,-1.5
Biotecnologia,3161-9016,121.4,118.5,-2.9
Enfermagem Veterinária,3161-9085,148.7,150.0,1.3
Engenharia do Ambiente e Geoinformática,3161-L164,,95.0,
Educação Social Gerontológica,3162-9473,125.2,123.0,-2.2
Educação Básica,3162-9853,144.6,144.0,-0.6
Artes Plásticas e Tecnologias Artísticas,3162-L122,152.8,181.5,28.7
Artes e Cinema Digital,3162-L284,146.8,149.5,2.7
Engenharia da Computação Gráfica e Multimédia,3163-8407,140.7,139.0,-1.7
Engenharia Alimentar,3163-9087,147.0,151.0,4.0
Engenharia Informática,3163-9119,135.8,135.0,-0.8
Engenharia Mecânica,3163-9123,117.2,118.0,0.8
Gestão,3163-9147,151.0,150.0,-1.0
Gestão (regime noturno),3163-9148,117.9,117.5,-0.4
Turismo,3163-9254,126.4,124.5,-1.9
Design de Ambientes,3163-9723,150.6,148.5,-2.1
Design do Produto,3163-9727,150.0,149.0,-1.0
Engenharia Civil e do Ambiente,3163-9743,125.2,124.0,-1.2
Engenharia Mecatrónica,3163-9751,,127.5,
Engenharia de Redes e Sistemas de Computadores,3163-L153,128.3,131.5,3.2
Gastronomia e Artes Culinárias,3163-L261,118.6,110.0,-8.6
Gestão da Distribuição e Logística,3164-8464,108.0,106.2,-1.8
Organização e Gestão Empresariais,3164-8516,137.2,137.5,0.3
Contabilidade e Fiscalidade,3164-9498,131.3,129.5,-1.8
Marketing e Comunicação Empresarial,3164-9664,149.6,152.0,2.4
Desporto e Lazer,3165-9731,133.3,135.0,1.7
Comunicação Social,3181-9054,127.3,130.0,2.7
Educação Social,3181-9084,102.6,95.0,-7.6
Artes Plásticas e Multimédia,3181-9347,135.4,135.0,-0.4
Artes Performativas,3181-9681,126.0,121.5,-4.5
Desporto e Atividade Física,3181-9850,137.3,135.8,-1.5
Educação Básica,3181-9853,139.0,142.8,3.8
Publicidade e Relações Públicas,3181-9930,126.7,125.5,-1.2
Gestão Industrial,3182-8296,118.8,115.0,-3.8
Tecnologia e Design de Mobiliário,3182-8517,120.0,115.5,-4.5
Contabilidade,3182-9056,131.9,133.0,1.1
Engenharia Civil,3182-9089,134.6,134.0,-0.6
Engenharia Eletrotécnica,3182-9109,130.5,129.5,-1.0
Engenharia Informática,3182-9119,142.0,144.5,2.5
Engenharia Mecânica,3182-9123,120.2,119.0,-1.2
Gestão de Empresas,3182-9152,138.7,137.0,-1.7
Marketing,3182-9205,136.7,136.5,-0.2
Turismo,3182-9254,108.5,104.8,-3.7
Tecnologias e Design de Multimédia,3182-9491,122.9,124.5,1.6
Ciências e Tecnologia do Ambiente,3182-9709,97.0,98.0,1.0
Gestão de Empresas (regime pós-laboral),3182-9994,108.7,96.0,-12.7
Biotecnologia,3185-9016,116.3,112.0,-4.3
Enfermagem Veterinária,3185-9085,137.4,134.5,-2.9
Engenharia Agronómica,3185-9086,,96.0,
Engenharia Alimentar,3185-9087,,95.5,
Engenharia Zootécnica,3185-9129,,97.0,
Engenharia Informática e Telecomunicações,3186-9122,118.5,118.0,-0.5
Gestão e Informática,3186-9168,122.5,126.0,3.5
"Gestão Turística, Cultural e Patrimonial",3186-9179,120.8,122.0,1.2
Serviço Social,3186-9238,116.2,104.5,-11.7
Gestão Comercial,3186-L021,116.2,110.0,-6.2
Secretariado de Administração,3186-L116,112.0,114.0,2.0
Contabilidade,3241-9056,125.1,124.0,-1.1
Gestão de Empresas,3241-9152,110.0,112.0,2.0
Gestão de Recursos Humanos e Comportamento Organizacional,3241-9640,115.0,110.5,-4.5
Turismo e Gestão do Património Cultural,3241-L207,115.2,118.5,3.3
Engenharia Eletrotécnica e de Computadores,3242-9112,,95.0,
Engenharia Informática,3242-9119,121.8,122.0,0.2
Conservação e Restauro,3242-9380,138.8,139.5,0.7
Design e Tecnologia das Artes Gráficas,3242-9644,121.2,121.5,0.3
Fotografia,3242-9645,125.0,110.5,-14.5
Tecnologia Química,3242-L142,,114.5,
Gestão da Edificação e Obras,3242-L186,,100.5,
Engenharia Mecânica,3243-9123,,120.0,
Informática e Tecnologias Multimédia,3243-L143,126.6,124.2,-2.4
Computação e Logística,3243-L211,,95.0,
Comunicação Social: Jornalismo e Comunicação Empresarial,3243-L297,128.1,127.0,-1.1
Design,3331-9069,149.8,151.0,1.2
Multimédia,3331-9213,174.3,194.5,20.2
Fotografia,3331-9645,161.8,186.5,24.7
Cinema e Audiovisual,3331-9713,160.4,192.0,31.6
Tecnologias e Sistemas de Informação para a Web,3331-L071,130.2,131.0,0.8
Desenho,5402-8399,180.5,200.0,19.5
Artes Plásticas,5402-9007,174.5,200.0,25.5
Design de Comunicação,5402-9070,178.5,200.0,21.5
Serviço Social (regime pós-laboral),6800-8014,143.0,145.0,2.0
Finanças e Contabilidade,6800-8029,163.0,161.5,-1.5
Sociologia (regime pós-laboral),6800-8109,131.0,132.5,1.5
Informática e Gestão de Empresas (regime pós-laboral),6800-8366,151.5,152.0,0.5
Ciência Política,6800-9019,165.5,187.0,21.5
Economia,6800-9081,166.8,165.0,-1.8
Engenharia de Telecomunicações e Informática,6800-9098,127.5,124.5,-3.0
Engenharia Informática,6800-9119,164.0,157.0,-7.0
Gestão,6800-9147,171.5,171.5,0.0
Gestão de Marketing,6800-9156,166.0,164.0,-2.0
Gestão de Recursos Humanos,6800-9157,170.5,188.5,18.0
Informática e Gestão de Empresas,6800-9189,161.0,157.0,-4.0
Psicologia,6800-9219,173.5,190.0,16.5
Serviço Social,6800-9238,156.5,188.5,32.0
Sociologia,6800-9240,148.0,147.0,-1.0
Arquitetura,6800-9257,166.5,173.0,6.5
Antropologia,6800-9448,132.0,131.0,-1.0
Engenharia Informática (regime pós-laboral),6800-9885,141.5,136.0,-5.5
História Moderna e Contemporânea,6800-9927,146.5,147.0,0.5
Gestão Industrial e Logística,6800-L030,161.5,160.0,-1.5
Ciência de Dados,6800-L188,161.2,160.0,-1.2
Ciência de Dados (regime pós-laboral),6800-L189,148.6,147.5,-1.1
Tecnologias Digitais e Automação,6810-L273,133.6,130.2,-3.4
"Política, Economia e Sociedade",6810-L274,147.2,160.0,12.8
Tecnologias Digitais e Inteligência Artificial,6810-L277,146.4,143.5,-2.9
Desenvolvimento de Software e Aplicações,6810-L278,140.4,137.2,-3.2
Tecnologias Digitais e Gestão,6810-L280,154.8,149.5,-5.3
Tecnologias Digitais Educativas,6810-L281,132.2,128.0,-4.2
Tecnologias Digitais e Saúde,6810-L282,126.0,122.0,-4.0
"Tecnologias Digitais, Edifícios e Construção Sustentável",6810-L311,129.2,129.0,-0.2
Matemática Aplicada e Tecnologias Digitais,6810-L321,117.4,116.0,-1.4
Tecnologias Digitais e Segurança de Informação,6810-L329,135.2,133.0,-2.2
Enfermagem,7001-9500,139.0,137.0,-2.0
Enfermagem,7002-9500,146.6,136.0,-10.6
Enfermagem,7003-9500,155.5,150.5,-5.0
Terapia Ocupacional,7005-8138,113.7,114.0,0.3
Enfermagem,7005-9500,130.8,125.5,-5.3
Enfermagem,7010-9500,155.5,148.0,-7.5
Dietética e Nutrição,7015-8149,108.2,107.0,-1.2
Enfermagem,7015-9500,139.3,135.5,-3.8
Enfermagem (entrada no 2.º semestre),7015-9501,114.6,115.5,0.9
Fisioterapia,7015-9504,153.6,170.5,16.9
Farmácia,7015-9549,109.3,109.0,-0.3
Gerontologia,7015-9833,131.3,130.5,-0.8
Ciências Biomédicas Laboratoriais,7015-L068,111.0,106.5,-4.5
Enfermagem,7020-9500,129.0,127.0,-2.0
Fisioterapia,7020-9504,150.1,145.5,-4.6
Imagem Médica e Radioterapia,7020-L066,135.1,130.5,-4.6
Fisiologia Clínica,7020-L067,131.4,129.0,-2.4
Ciências Biomédicas Laboratoriais,7020-L068,120.1,117.5,-2.6
Enfermagem,7030-9500,133.7,130.0,-3.7
Dietética e Nutrição,7035-8149,129.2,127.5,-1.7
Enfermagem,7035-9500,144.4,143.0,-1.4
Fisioterapia,7035-9504,151.9,151.5,-0.4
Farmácia,7035-9549,126.9,127.0,0.1
Imagem Médica e Radioterapia,7035-L066,139.2,140.0,0.8
Ciências Biomédicas Laboratoriais,7035-L068,147.6,143.5,-4.1
Enfermagem,7040-9500,114.8,116.5,1.7
Farmácia,7040-9549,95.0,98.0,3.0
Biotecnologia Medicinal,7040-L101,112.0,110.0,-2.0
Terapia Ocupacional,7045-8138,133.7,135.0,1.3
Dietética e Nutrição,7045-8149,124.6,124.0,-0.6
Enfermagem,7045-9500,132.2,129.0,-3.2
Fisioterapia,7045-9504,154.0,151.5,-2.5
Terapia da Fala,7045-9890,133.2,134.5,1.3
Enfermagem,7055-9500,112.0,108.0,-4.0
Fisioterapia,7055-9504,140.4,137.0,-3.4
Higiene Oral,7055-9556,127.4,128.5,1.1
Enfermagem,7065-9500,133.4,126.5,-6.9
Enfermagem,7075-9500,141.0,136.0,-5.0
Enfermagem,7080-9500,140.4,138.5,-1.9
Enfermagem,7085-9500,128.6,127.0,-1.6
Enfermagem,7092-9500,116.2,113.0,-3.2
Enfermagem,7093-9500,131.0,129.0,-2.0
Engenharia Informática e de Computadores,7105-9121,132.2,127.5,-4.7
Engenharia de Máquinas Marítimas,7105-9745,125.4,123.5,-1.9
Pilotagem,7105-9789,156.8,153.0,-3.8
Gestão de Transportes e Logística,7105-9924,138.1,137.0,-1.1
Gestão Portuária,7105-9926,140.9,136.5,-4.4
Engenharia Eletrotécnica Marítima,7105-L118,131.7,125.8,-5.9
Produção Alimentar em Restauração (regime pós-laboral),7110-8011,109.0,109.5,0.5
Direção e Gestão Hoteleira,7110-9076,150.6,151.5,0.9
Gestão do Lazer e Animação Turística,7110-9163,146.4,145.5,-0.9
Gestão Turística,7110-9177,141.2,139.0,-2.2
Informação Turística,7110-9183,111.4,111.0,-0.4
Produção Alimentar em Restauração,7110-9217,127.6,128.0,0.4
Direção e Gestão Hoteleira (regime pós-laboral),7110-9875,126.4,126.5,0.1
Gestão do Lazer e Animação Turística (regime pós-laboral),7110-9995,129.6,129.5,-0.1
Gestão Turística (regime pós-laboral),7110-9996,125.6,125.0,-0.6
Audiologia,7210-8141,125.6,122.5,-3.1
Dietética e Nutrição,7210-8149,133.9,128.0,-5.9
Fisioterapia,7210-9504,162.9,158.0,-4.9
Farmácia,7210-9549,137.9,137.0,-0.9
Saúde Ambiental,7210-9861,102.0,104.5,2.5
Imagem Médica e Radioterapia,7210-L066,149.3,152.5,3.2
Fisiologia Clínica,7210-L067,147.4,146.0,-1.4
Ciências Biomédicas Laboratoriais,7210-L068,150.3,141.0,-9.3
Dietética e Nutrição,7220-8149,142.2,136.5,-5.7
Ortoprotesia,7220-8152,133.7,132.5,-1.2
Fisioterapia,7220-9504,163.6,154.0,-9.6
Farmácia,7220-9549,148.0,146.5,-1.5
Saúde Ambiental,7220-9861,132.8,133.0,0.2
Imagem Médica e Radioterapia,7220-L066,142.9,142.5,-0.4
Fisiologia Clínica,7220-L067,144.4,139.0,-5.4
Ciências Biomédicas Laboratoriais,7220-L068,158.7,153.0,-5.7
Ortóptica e Ciências da Visão,7220-L161,133.8,133.0,-0.8
Terapia Ocupacional,7230-8138,140.5,138.5,-2.0
Audiologia,7230-8141,133.5,133.5,0.0
Ortóptica,7230-8143,138.0,137.5,-0.5
Fisioterapia,7230-9504,165.5,161.0,-4.5
Farmácia,7230-9549,142.0,136.5,-5.5
Saúde Ambiental,7230-9861,127.0,125.5,-1.5
Terapia da Fala,7230-9890,139.0,140.0,1.0
Imagem Médica e Radioterapia,7230-L066,144.0,143.0,-1.0
Fisiologia Clínica,7230-L067,145.5,141.0,-4.5
Ciências Biomédicas Laboratoriais,7230-L068,166.0,160.0,-6.0
Biotecnologia Medicinal,7230-L101,170.0,160.0,-10.0
Osteopatia,7230-L136,143.8,144.0,0.2
Saúde Digital,7230-L304,121.3,119.5,-1.8
